--
-- PostgreSQL database dump
--

-- Dumped from database version 17.0 (Debian 17.0-1.pgdg120+1)
-- Dumped by pg_dump version 17.0 (Debian 17.0-1.pgdg120+1)

SET statement_timeout = 0;
SET lock_timeout = 0;
SET idle_in_transaction_session_timeout = 0;
SET transaction_timeout = 0;
SET client_encoding = 'UTF8';
SET standard_conforming_strings = on;
SELECT pg_catalog.set_config('search_path', '', false);
SET check_function_bodies = false;
SET xmloption = content;
SET client_min_messages = warning;
SET row_security = off;

SET default_tablespace = '';

SET default_table_access_method = heap;

--
-- Name: auth_group; Type: TABLE; Schema: public; Owner: test
--

CREATE TABLE public.auth_group (
    id integer NOT NULL,
    name character varying(150) NOT NULL
);


ALTER TABLE public.auth_group OWNER TO test;

--
-- Name: auth_group_id_seq; Type: SEQUENCE; Schema: public; Owner: test
--

ALTER TABLE public.auth_group ALTER COLUMN id ADD GENERATED BY DEFAULT AS IDENTITY (
    SEQUENCE NAME public.auth_group_id_seq
    START WITH 1
    INCREMENT BY 1
    NO MINVALUE
    NO MAXVALUE
    CACHE 1
);


--
-- Name: auth_group_permissions; Type: TABLE; Schema: public; Owner: test
--

CREATE TABLE public.auth_group_permissions (
    id bigint NOT NULL,
    group_id integer NOT NULL,
    permission_id integer NOT NULL
);


ALTER TABLE public.auth_group_permissions OWNER TO test;

--
-- Name: auth_group_permissions_id_seq; Type: SEQUENCE; Schema: public; Owner: test
--

ALTER TABLE public.auth_group_permissions ALTER COLUMN id ADD GENERATED BY DEFAULT AS IDENTITY (
    SEQUENCE NAME public.auth_group_permissions_id_seq
    START WITH 1
    INCREMENT BY 1
    NO MINVALUE
    NO MAXVALUE
    CACHE 1
);


--
-- Name: auth_permission; Type: TABLE; Schema: public; Owner: test
--

CREATE TABLE public.auth_permission (
    id integer NOT NULL,
    name character varying(255) NOT NULL,
    content_type_id integer NOT NULL,
    codename character varying(100) NOT NULL
);


ALTER TABLE public.auth_permission OWNER TO test;

--
-- Name: auth_permission_id_seq; Type: SEQUENCE; Schema: public; Owner: test
--

ALTER TABLE public.auth_permission ALTER COLUMN id ADD GENERATED BY DEFAULT AS IDENTITY (
    SEQUENCE NAME public.auth_permission_id_seq
    START WITH 1
    INCREMENT BY 1
    NO MINVALUE
    NO MAXVALUE
    CACHE 1
);


--
-- Name: auth_user; Type: TABLE; Schema: public; Owner: test
--

CREATE TABLE public.auth_user (
    id integer NOT NULL,
    password character varying(128) NOT NULL,
    last_login timestamp with time zone,
    is_superuser boolean NOT NULL,
    username character varying(150) NOT NULL,
    first_name character varying(150) NOT NULL,
    last_name character varying(150) NOT NULL,
    email character varying(254) NOT NULL,
    is_staff boolean NOT NULL,
    is_active boolean NOT NULL,
    date_joined timestamp with time zone NOT NULL
);


ALTER TABLE public.auth_user OWNER TO test;

--
-- Name: auth_user_groups; Type: TABLE; Schema: public; Owner: test
--

CREATE TABLE public.auth_user_groups (
    id bigint NOT NULL,
    user_id integer NOT NULL,
    group_id integer NOT NULL
);


ALTER TABLE public.auth_user_groups OWNER TO test;

--
-- Name: auth_user_groups_id_seq; Type: SEQUENCE; Schema: public; Owner: test
--

ALTER TABLE public.auth_user_groups ALTER COLUMN id ADD GENERATED BY DEFAULT AS IDENTITY (
    SEQUENCE NAME public.auth_user_groups_id_seq
    START WITH 1
    INCREMENT BY 1
    NO MINVALUE
    NO MAXVALUE
    CACHE 1
);


--
-- Name: auth_user_id_seq; Type: SEQUENCE; Schema: public; Owner: test
--

ALTER TABLE public.auth_user ALTER COLUMN id ADD GENERATED BY DEFAULT AS IDENTITY (
    SEQUENCE NAME public.auth_user_id_seq
    START WITH 1
    INCREMENT BY 1
    NO MINVALUE
    NO MAXVALUE
    CACHE 1
);


--
-- Name: auth_user_user_permissions; Type: TABLE; Schema: public; Owner: test
--

CREATE TABLE public.auth_user_user_permissions (
    id bigint NOT NULL,
    user_id integer NOT NULL,
    permission_id integer NOT NULL
);


ALTER TABLE public.auth_user_user_permissions OWNER TO test;

--
-- Name: auth_user_user_permissions_id_seq; Type: SEQUENCE; Schema: public; Owner: test
--

ALTER TABLE public.auth_user_user_permissions ALTER COLUMN id ADD GENERATED BY DEFAULT AS IDENTITY (
    SEQUENCE NAME public.auth_user_user_permissions_id_seq
    START WITH 1
    INCREMENT BY 1
    NO MINVALUE
    NO MAXVALUE
    CACHE 1
);


--
-- Name: django_admin_log; Type: TABLE; Schema: public; Owner: test
--

CREATE TABLE public.django_admin_log (
    id integer NOT NULL,
    action_time timestamp with time zone NOT NULL,
    object_id text,
    object_repr character varying(200) NOT NULL,
    action_flag smallint NOT NULL,
    change_message text NOT NULL,
    content_type_id integer,
    user_id integer NOT NULL,
    CONSTRAINT django_admin_log_action_flag_check CHECK ((action_flag >= 0))
);


ALTER TABLE public.django_admin_log OWNER TO test;

--
-- Name: django_admin_log_id_seq; Type: SEQUENCE; Schema: public; Owner: test
--

ALTER TABLE public.django_admin_log ALTER COLUMN id ADD GENERATED BY DEFAULT AS IDENTITY (
    SEQUENCE NAME public.django_admin_log_id_seq
    START WITH 1
    INCREMENT BY 1
    NO MINVALUE
    NO MAXVALUE
    CACHE 1
);


--
-- Name: django_content_type; Type: TABLE; Schema: public; Owner: test
--

CREATE TABLE public.django_content_type (
    id integer NOT NULL,
    app_label character varying(100) NOT NULL,
    model character varying(100) NOT NULL
);


ALTER TABLE public.django_content_type OWNER TO test;

--
-- Name: django_content_type_id_seq; Type: SEQUENCE; Schema: public; Owner: test
--

ALTER TABLE public.django_content_type ALTER COLUMN id ADD GENERATED BY DEFAULT AS IDENTITY (
    SEQUENCE NAME public.django_content_type_id_seq
    START WITH 1
    INCREMENT BY 1
    NO MINVALUE
    NO MAXVALUE
    CACHE 1
);


--
-- Name: django_migrations; Type: TABLE; Schema: public; Owner: test
--

CREATE TABLE public.django_migrations (
    id bigint NOT NULL,
    app character varying(255) NOT NULL,
    name character varying(255) NOT NULL,
    applied timestamp with time zone NOT NULL
);


ALTER TABLE public.django_migrations OWNER TO test;

--
-- Name: django_migrations_id_seq; Type: SEQUENCE; Schema: public; Owner: test
--

ALTER TABLE public.django_migrations ALTER COLUMN id ADD GENERATED BY DEFAULT AS IDENTITY (
    SEQUENCE NAME public.django_migrations_id_seq
    START WITH 1
    INCREMENT BY 1
    NO MINVALUE
    NO MAXVALUE
    CACHE 1
);


--
-- Name: django_session; Type: TABLE; Schema: public; Owner: test
--

CREATE TABLE public.django_session (
    session_key character varying(40) NOT NULL,
    session_data text NOT NULL,
    expire_date timestamp with time zone NOT NULL
);


ALTER TABLE public.django_session OWNER TO test;

--
-- Name: store_courier; Type: TABLE; Schema: public; Owner: test
--

CREATE TABLE public.store_courier (
    id bigint NOT NULL,
    phone character varying(100) NOT NULL,
    vehicle_type character varying(50) NOT NULL,
    status character varying(100) NOT NULL,
    user_id integer NOT NULL
);


ALTER TABLE public.store_courier OWNER TO test;

--
-- Name: store_courier_id_seq; Type: SEQUENCE; Schema: public; Owner: test
--

ALTER TABLE public.store_courier ALTER COLUMN id ADD GENERATED BY DEFAULT AS IDENTITY (
    SEQUENCE NAME public.store_courier_id_seq
    START WITH 1
    INCREMENT BY 1
    NO MINVALUE
    NO MAXVALUE
    CACHE 1
);


--
-- Name: store_customer; Type: TABLE; Schema: public; Owner: test
--

CREATE TABLE public.store_customer (
    id bigint NOT NULL,
    address character varying(255) NOT NULL,
    user_id integer NOT NULL
);


ALTER TABLE public.store_customer OWNER TO test;

--
-- Name: store_customer_id_seq; Type: SEQUENCE; Schema: public; Owner: test
--

ALTER TABLE public.store_customer ALTER COLUMN id ADD GENERATED BY DEFAULT AS IDENTITY (
    SEQUENCE NAME public.store_customer_id_seq
    START WITH 1
    INCREMENT BY 1
    NO MINVALUE
    NO MAXVALUE
    CACHE 1
);


--
-- Name: store_dish; Type: TABLE; Schema: public; Owner: test
--

CREATE TABLE public.store_dish (
    id bigint NOT NULL,
    name character varying(100) NOT NULL,
    description text,
    price numeric(10,2) NOT NULL,
    is_available boolean NOT NULL,
    created_at timestamp with time zone NOT NULL,
    updated_at timestamp with time zone NOT NULL
);


ALTER TABLE public.store_dish OWNER TO test;

--
-- Name: store_dish_id_seq; Type: SEQUENCE; Schema: public; Owner: test
--

ALTER TABLE public.store_dish ALTER COLUMN id ADD GENERATED BY DEFAULT AS IDENTITY (
    SEQUENCE NAME public.store_dish_id_seq
    START WITH 1
    INCREMENT BY 1
    NO MINVALUE
    NO MAXVALUE
    CACHE 1
);


--
-- Name: store_menu; Type: TABLE; Schema: public; Owner: test
--

CREATE TABLE public.store_menu (
    id bigint NOT NULL,
    name character varying(100) NOT NULL,
    created_at timestamp with time zone NOT NULL,
    updated_at timestamp with time zone NOT NULL,
    restaurant_id bigint NOT NULL
);


ALTER TABLE public.store_menu OWNER TO test;

--
-- Name: store_menu_dishes; Type: TABLE; Schema: public; Owner: test
--

CREATE TABLE public.store_menu_dishes (
    id bigint NOT NULL,
    menu_id bigint NOT NULL,
    dish_id bigint NOT NULL
);


ALTER TABLE public.store_menu_dishes OWNER TO test;

--
-- Name: store_menu_dishes_id_seq; Type: SEQUENCE; Schema: public; Owner: test
--

ALTER TABLE public.store_menu_dishes ALTER COLUMN id ADD GENERATED BY DEFAULT AS IDENTITY (
    SEQUENCE NAME public.store_menu_dishes_id_seq
    START WITH 1
    INCREMENT BY 1
    NO MINVALUE
    NO MAXVALUE
    CACHE 1
);


--
-- Name: store_menu_id_seq; Type: SEQUENCE; Schema: public; Owner: test
--

ALTER TABLE public.store_menu ALTER COLUMN id ADD GENERATED BY DEFAULT AS IDENTITY (
    SEQUENCE NAME public.store_menu_id_seq
    START WITH 1
    INCREMENT BY 1
    NO MINVALUE
    NO MAXVALUE
    CACHE 1
);


--
-- Name: store_order; Type: TABLE; Schema: public; Owner: test
--

CREATE TABLE public.store_order (
    id bigint NOT NULL,
    status boolean NOT NULL,
    total_amount numeric(10,2) NOT NULL,
    delivery_fee numeric(10,2) NOT NULL,
    created_at timestamp with time zone NOT NULL,
    updated_at timestamp with time zone NOT NULL,
    courier_id bigint NOT NULL,
    customer_id bigint NOT NULL,
    restaurant_id bigint NOT NULL
);


ALTER TABLE public.store_order OWNER TO test;

--
-- Name: store_order_id_seq; Type: SEQUENCE; Schema: public; Owner: test
--

ALTER TABLE public.store_order ALTER COLUMN id ADD GENERATED BY DEFAULT AS IDENTITY (
    SEQUENCE NAME public.store_order_id_seq
    START WITH 1
    INCREMENT BY 1
    NO MINVALUE
    NO MAXVALUE
    CACHE 1
);


--
-- Name: store_orderitem; Type: TABLE; Schema: public; Owner: test
--

CREATE TABLE public.store_orderitem (
    id bigint NOT NULL,
    quantity integer NOT NULL,
    price numeric(10,2) NOT NULL,
    created_at timestamp with time zone NOT NULL,
    dish_id bigint NOT NULL,
    order_id bigint NOT NULL,
    CONSTRAINT store_orderitem_quantity_check CHECK ((quantity >= 0))
);


ALTER TABLE public.store_orderitem OWNER TO test;

--
-- Name: store_orderitem_id_seq; Type: SEQUENCE; Schema: public; Owner: test
--

ALTER TABLE public.store_orderitem ALTER COLUMN id ADD GENERATED BY DEFAULT AS IDENTITY (
    SEQUENCE NAME public.store_orderitem_id_seq
    START WITH 1
    INCREMENT BY 1
    NO MINVALUE
    NO MAXVALUE
    CACHE 1
);


--
-- Name: store_payment; Type: TABLE; Schema: public; Owner: test
--

CREATE TABLE public.store_payment (
    id bigint NOT NULL,
    amount numeric(10,2) NOT NULL,
    payment_method character varying(100) NOT NULL,
    status boolean NOT NULL,
    payment_date timestamp with time zone NOT NULL,
    order_id bigint NOT NULL,
    user_id integer NOT NULL
);


ALTER TABLE public.store_payment OWNER TO test;

--
-- Name: store_payment_id_seq; Type: SEQUENCE; Schema: public; Owner: test
--

ALTER TABLE public.store_payment ALTER COLUMN id ADD GENERATED BY DEFAULT AS IDENTITY (
    SEQUENCE NAME public.store_payment_id_seq
    START WITH 1
    INCREMENT BY 1
    NO MINVALUE
    NO MAXVALUE
    CACHE 1
);


--
-- Name: store_restaurant; Type: TABLE; Schema: public; Owner: test
--

CREATE TABLE public.store_restaurant (
    id bigint NOT NULL,
    name character varying(100) NOT NULL,
    address character varying(300) NOT NULL,
    phone character varying(100) NOT NULL,
    created_at timestamp with time zone NOT NULL,
    updated_at timestamp with time zone NOT NULL
);


ALTER TABLE public.store_restaurant OWNER TO test;

--
-- Name: store_restaurant_id_seq; Type: SEQUENCE; Schema: public; Owner: test
--

ALTER TABLE public.store_restaurant ALTER COLUMN id ADD GENERATED BY DEFAULT AS IDENTITY (
    SEQUENCE NAME public.store_restaurant_id_seq
    START WITH 1
    INCREMENT BY 1
    NO MINVALUE
    NO MAXVALUE
    CACHE 1
);


--
-- Name: store_restaurant_special_hours; Type: TABLE; Schema: public; Owner: test
--

CREATE TABLE public.store_restaurant_special_hours (
    id bigint NOT NULL,
    restaurant_id bigint NOT NULL,
    specialhours_id bigint NOT NULL
);


ALTER TABLE public.store_restaurant_special_hours OWNER TO test;

--
-- Name: store_restaurant_special_hours_id_seq; Type: SEQUENCE; Schema: public; Owner: test
--

ALTER TABLE public.store_restaurant_special_hours ALTER COLUMN id ADD GENERATED BY DEFAULT AS IDENTITY (
    SEQUENCE NAME public.store_restaurant_special_hours_id_seq
    START WITH 1
    INCREMENT BY 1
    NO MINVALUE
    NO MAXVALUE
    CACHE 1
);


--
-- Name: store_restaurant_working_hours; Type: TABLE; Schema: public; Owner: test
--

CREATE TABLE public.store_restaurant_working_hours (
    id bigint NOT NULL,
    restaurant_id bigint NOT NULL,
    workinghours_id bigint NOT NULL
);


ALTER TABLE public.store_restaurant_working_hours OWNER TO test;

--
-- Name: store_restaurant_working_hours_id_seq; Type: SEQUENCE; Schema: public; Owner: test
--

ALTER TABLE public.store_restaurant_working_hours ALTER COLUMN id ADD GENERATED BY DEFAULT AS IDENTITY (
    SEQUENCE NAME public.store_restaurant_working_hours_id_seq
    START WITH 1
    INCREMENT BY 1
    NO MINVALUE
    NO MAXVALUE
    CACHE 1
);


--
-- Name: store_specialhours; Type: TABLE; Schema: public; Owner: test
--

CREATE TABLE public.store_specialhours (
    id bigint NOT NULL,
    date date NOT NULL,
    opening_time time without time zone,
    closing_time time without time zone,
    is_closed boolean NOT NULL
);


ALTER TABLE public.store_specialhours OWNER TO test;

--
-- Name: store_specialhours_id_seq; Type: SEQUENCE; Schema: public; Owner: test
--

ALTER TABLE public.store_specialhours ALTER COLUMN id ADD GENERATED BY DEFAULT AS IDENTITY (
    SEQUENCE NAME public.store_specialhours_id_seq
    START WITH 1
    INCREMENT BY 1
    NO MINVALUE
    NO MAXVALUE
    CACHE 1
);


--
-- Name: store_workinghours; Type: TABLE; Schema: public; Owner: test
--

CREATE TABLE public.store_workinghours (
    id bigint NOT NULL,
    day_of_week integer NOT NULL,
    opening_time time without time zone NOT NULL,
    closing_time time without time zone NOT NULL
);


ALTER TABLE public.store_workinghours OWNER TO test;

--
-- Name: store_workinghours_id_seq; Type: SEQUENCE; Schema: public; Owner: test
--

ALTER TABLE public.store_workinghours ALTER COLUMN id ADD GENERATED BY DEFAULT AS IDENTITY (
    SEQUENCE NAME public.store_workinghours_id_seq
    START WITH 1
    INCREMENT BY 1
    NO MINVALUE
    NO MAXVALUE
    CACHE 1
);


--
-- Data for Name: auth_group; Type: TABLE DATA; Schema: public; Owner: test
--

COPY public.auth_group (id, name) FROM stdin;
\.


--
-- Data for Name: auth_group_permissions; Type: TABLE DATA; Schema: public; Owner: test
--

COPY public.auth_group_permissions (id, group_id, permission_id) FROM stdin;
\.


--
-- Data for Name: auth_permission; Type: TABLE DATA; Schema: public; Owner: test
--

COPY public.auth_permission (id, name, content_type_id, codename) FROM stdin;
1	Can add log entry	1	add_logentry
2	Can change log entry	1	change_logentry
3	Can delete log entry	1	delete_logentry
4	Can view log entry	1	view_logentry
5	Can add permission	2	add_permission
6	Can change permission	2	change_permission
7	Can delete permission	2	delete_permission
8	Can view permission	2	view_permission
9	Can add group	3	add_group
10	Can change group	3	change_group
11	Can delete group	3	delete_group
12	Can view group	3	view_group
13	Can add user	4	add_user
14	Can change user	4	change_user
15	Can delete user	4	delete_user
16	Can view user	4	view_user
17	Can add content type	5	add_contenttype
18	Can change content type	5	change_contenttype
19	Can delete content type	5	delete_contenttype
20	Can view content type	5	view_contenttype
21	Can add session	6	add_session
22	Can change session	6	change_session
23	Can delete session	6	delete_session
24	Can view session	6	view_session
25	Can add courier	7	add_courier
26	Can change courier	7	change_courier
27	Can delete courier	7	delete_courier
28	Can view courier	7	view_courier
29	Can add customer	8	add_customer
30	Can change customer	8	change_customer
31	Can delete customer	8	delete_customer
32	Can view customer	8	view_customer
33	Can add dish	9	add_dish
34	Can change dish	9	change_dish
35	Can delete dish	9	delete_dish
36	Can view dish	9	view_dish
37	Может просматривать блюда	9	can_view_dish
38	Can add order	10	add_order
39	Can change order	10	change_order
40	Can delete order	10	delete_order
41	Can view order	10	view_order
42	Can add restaurant	11	add_restaurant
43	Can change restaurant	11	change_restaurant
44	Can delete restaurant	11	delete_restaurant
45	Can view restaurant	11	view_restaurant
46	Can add payment	12	add_payment
47	Can change payment	12	change_payment
48	Can delete payment	12	delete_payment
49	Can view payment	12	view_payment
50	Can add order item	13	add_orderitem
51	Can change order item	13	change_orderitem
52	Can delete order item	13	delete_orderitem
53	Can view order item	13	view_orderitem
54	Can add menu	14	add_menu
55	Can change menu	14	change_menu
56	Can delete menu	14	delete_menu
57	Can view menu	14	view_menu
58	Can add Special Hour	15	add_specialhours
59	Can change Special Hour	15	change_specialhours
60	Can delete Special Hour	15	delete_specialhours
61	Can view Special Hour	15	view_specialhours
62	Can add Working Hour	16	add_workinghours
63	Can change Working Hour	16	change_workinghours
64	Can delete Working Hour	16	delete_workinghours
65	Can view Working Hour	16	view_workinghours
\.


--
-- Data for Name: auth_user; Type: TABLE DATA; Schema: public; Owner: test
--

COPY public.auth_user (id, password, last_login, is_superuser, username, first_name, last_name, email, is_staff, is_active, date_joined) FROM stdin;
1	pbkdf2_sha256$600000$hnlx78olw6uJWtNS54hn5u$Jd6CTG/Wqp0uc9pCgexTafhaVD7dtsN14d9ngglVdEc=	2024-11-18 11:21:22.474825+00	t	admin				t	t	2024-11-18 11:21:19.569864+00
\.


--
-- Data for Name: auth_user_groups; Type: TABLE DATA; Schema: public; Owner: test
--

COPY public.auth_user_groups (id, user_id, group_id) FROM stdin;
\.


--
-- Data for Name: auth_user_user_permissions; Type: TABLE DATA; Schema: public; Owner: test
--

COPY public.auth_user_user_permissions (id, user_id, permission_id) FROM stdin;
\.


--
-- Data for Name: django_admin_log; Type: TABLE DATA; Schema: public; Owner: test
--

COPY public.django_admin_log (id, action_time, object_id, object_repr, action_flag, change_message, content_type_id, user_id) FROM stdin;
\.


--
-- Data for Name: django_content_type; Type: TABLE DATA; Schema: public; Owner: test
--

COPY public.django_content_type (id, app_label, model) FROM stdin;
1	admin	logentry
2	auth	permission
3	auth	group
4	auth	user
5	contenttypes	contenttype
6	sessions	session
7	store	courier
8	store	customer
9	store	dish
10	store	order
11	store	restaurant
12	store	payment
13	store	orderitem
14	store	menu
15	store	specialhours
16	store	workinghours
\.


--
-- Data for Name: django_migrations; Type: TABLE DATA; Schema: public; Owner: test
--

COPY public.django_migrations (id, app, name, applied) FROM stdin;
1	contenttypes	0001_initial	2024-11-13 10:20:13.894498+00
2	auth	0001_initial	2024-11-13 10:20:13.910083+00
3	admin	0001_initial	2024-11-13 10:20:13.91551+00
4	admin	0002_logentry_remove_auto_add	2024-11-13 10:20:13.918542+00
5	admin	0003_logentry_add_action_flag_choices	2024-11-13 10:20:13.921487+00
6	contenttypes	0002_remove_content_type_name	2024-11-13 10:20:13.927919+00
7	auth	0002_alter_permission_name_max_length	2024-11-13 10:20:13.931023+00
8	auth	0003_alter_user_email_max_length	2024-11-13 10:20:13.934085+00
9	auth	0004_alter_user_username_opts	2024-11-13 10:20:13.936847+00
10	auth	0005_alter_user_last_login_null	2024-11-13 10:20:13.939861+00
11	auth	0006_require_contenttypes_0002	2024-11-13 10:20:13.940623+00
12	auth	0007_alter_validators_add_error_messages	2024-11-13 10:20:13.943545+00
13	auth	0008_alter_user_username_max_length	2024-11-13 10:20:13.947203+00
14	auth	0009_alter_user_last_name_max_length	2024-11-13 10:20:13.951116+00
15	auth	0010_alter_group_name_max_length	2024-11-13 10:20:13.954583+00
16	auth	0011_update_proxy_permissions	2024-11-13 10:20:13.957368+00
17	auth	0012_alter_user_first_name_max_length	2024-11-13 10:20:13.960197+00
18	sessions	0001_initial	2024-11-13 10:20:13.962697+00
19	store	0001_initial	2024-11-13 10:20:14.00249+00
20	store	0002_alter_dish_options	2024-11-13 10:20:14.004894+00
21	store	0003_alter_dish_options	2024-11-13 10:20:14.007054+00
22	store	0004_specialhours_remove_restaurant_open_from_and_more	2024-11-13 10:20:14.027257+00
23	store	0005_alter_workinghours_unique_together	2024-11-13 10:20:14.032347+00
24	store	0006_alter_specialhours_unique_together	2024-11-13 10:20:14.035366+00
\.


--
-- Data for Name: django_session; Type: TABLE DATA; Schema: public; Owner: test
--

COPY public.django_session (session_key, session_data, expire_date) FROM stdin;
se5il53sw5nuwudufsrx7rf0zxhie09b	.eJxVjDsOwjAQBe_iGln-bLBCSc8ZrN31GgeQLcVJFXF3iJQC2jczb1MR16XEtcscp6QuyqrT70bIT6k7SA-s96a51WWeSO-KPmjXt5bkdT3cv4OCvXxrJBaAEdB6FrLGhIGzCyZxygzomAcgNxoAT9mEFJwYRwHhTEjgvHp_AADHOGI:1tCzoo:KaCCU0fQptvy59YCU6vLy0C9xj3IX4miw5er45ZcckE	2024-12-02 11:21:22.489011+00
\.


--
-- Data for Name: store_courier; Type: TABLE DATA; Schema: public; Owner: test
--

COPY public.store_courier (id, phone, vehicle_type, status, user_id) FROM stdin;
\.


--
-- Data for Name: store_customer; Type: TABLE DATA; Schema: public; Owner: test
--

COPY public.store_customer (id, address, user_id) FROM stdin;
\.


--
-- Data for Name: store_dish; Type: TABLE DATA; Schema: public; Owner: test
--

COPY public.store_dish (id, name, description, price, is_available, created_at, updated_at) FROM stdin;
40	Pizza	BEST Pizza	100.00	f	2024-11-18 13:17:06.826901+00	2024-11-18 13:17:06.826911+00
1	Caesar Salad	Fresh lettuce, Parmesan cheese, croutons, and Caesar dressing	7.99	f	2024-11-18 16:53:55.891749+00	2024-11-18 16:53:55.891749+00
2	Grilled Chicken	Juicy chicken breast grilled to perfection	12.49	f	2024-11-18 16:53:55.891749+00	2024-11-18 16:53:55.891749+00
3	Spaghetti Bolognese	Classic Italian pasta with meat-based tomato sauce	10.99	f	2024-11-18 16:53:55.891749+00	2024-11-18 16:53:55.891749+00
4	Margherita Pizza	Traditional pizza with tomato sauce, mozzarella, and basil	8.99	f	2024-11-18 16:53:55.891749+00	2024-11-18 16:53:55.891749+00
5	Chicken Tikka Masala	Tender chicken cooked in a spiced creamy tomato sauce	13.99	f	2024-11-18 16:53:55.891749+00	2024-11-18 16:53:55.891749+00
6	Pad Thai	Thai stir-fried noodles with tofu, peanuts, and tamarind sauce	9.49	f	2024-11-18 16:53:55.891749+00	2024-11-18 16:53:55.891749+00
7	Sushi Platter	Assorted sushi including nigiri, maki, and sashimi	18.99	f	2024-11-18 16:53:55.891749+00	2024-11-18 16:53:55.891749+00
8	Vegetable Soup	A hearty soup with seasonal vegetables and herbs	5.99	f	2024-11-18 16:53:55.891749+00	2024-11-18 16:53:55.891749+00
9	Beef Stroganoff	Tender beef strips in a creamy mushroom sauce	14.99	f	2024-11-18 16:53:55.891749+00	2024-11-18 16:53:55.891749+00
10	Apple Pie	Classic dessert with a flaky crust and spiced apple filling	4.99	f	2024-11-18 16:53:55.891749+00	2024-11-18 16:53:55.891749+00
11	Lemonade	Freshly squeezed lemonade with a hint of mint	2.99	f	2024-11-18 16:53:55.891749+00	2024-11-18 16:53:55.891749+00
12	BBQ Ribs	Slow-cooked pork ribs with tangy barbecue sauce	15.99	f	2024-11-18 16:53:55.891749+00	2024-11-18 16:53:55.891749+00
13	Greek Salad	Tomatoes, cucumbers, olives, feta cheese, and olive oil dressing	6.99	f	2024-11-18 16:53:55.891749+00	2024-11-18 16:53:55.891749+00
14	Mushroom Risotto	Creamy Arborio rice cooked with mushrooms and Parmesan	11.49	f	2024-11-18 16:53:55.891749+00	2024-11-18 16:53:55.891749+00
15	Tom Yum Soup	Spicy and sour Thai soup with shrimp and lemongrass	8.99	f	2024-11-18 16:53:55.891749+00	2024-11-18 16:53:55.891749+00
16	Cheeseburger	Juicy beef patty with cheddar cheese, lettuce, and tomato	8.49	f	2024-11-18 16:53:55.891749+00	2024-11-18 16:53:55.891749+00
17	French Fries	Crispy golden fries with a side of ketchup	3.49	f	2024-11-18 16:53:55.891749+00	2024-11-18 16:53:55.891749+00
18	Chocolate Brownie	Rich chocolate brownie with walnuts and fudge topping	4.49	f	2024-11-18 16:53:55.891749+00	2024-11-18 16:53:55.891749+00
19	Cauliflower Steak	Grilled cauliflower served with tahini sauce	10.49	f	2024-11-18 16:53:55.891749+00	2024-11-18 16:53:55.891749+00
20	Pancakes	Fluffy pancakes with maple syrup and butter	6.99	f	2024-11-18 16:53:55.891749+00	2024-11-18 16:53:55.891749+00
21	Omelette	Classic egg omelette with cheese, ham, and vegetables	7.49	f	2024-11-18 16:53:55.891749+00	2024-11-18 16:53:55.891749+00
22	Fish and Chips	Crispy battered fish served with fries and tartar sauce	12.99	f	2024-11-18 16:53:55.891749+00	2024-11-18 16:53:55.891749+00
23	Buffalo Wings	Spicy chicken wings served with blue cheese dip	9.99	f	2024-11-18 16:53:55.891749+00	2024-11-18 16:53:55.891749+00
24	Veggie Burger	Grilled vegetable patty with lettuce, tomato, and vegan mayo	8.99	f	2024-11-18 16:53:55.891749+00	2024-11-18 16:53:55.891749+00
25	Margarita Cocktail	Refreshing cocktail with lime, tequila, and triple sec	7.99	f	2024-11-18 16:53:55.891749+00	2024-11-18 16:53:55.891749+00
26	Clam Chowder	Creamy soup with clams, potatoes, and celery	8.99	f	2024-11-18 16:53:55.891749+00	2024-11-18 16:53:55.891749+00
27	Eggplant Parmesan	Baked eggplant with marinara sauce and melted cheese	10.99	f	2024-11-18 16:53:55.891749+00	2024-11-18 16:53:55.891749+00
28	Spring Rolls	Crispy rolls filled with vegetables and served with sweet chili sauce	5.99	f	2024-11-18 16:53:55.891749+00	2024-11-18 16:53:55.891749+00
29	Chicken Alfredo	Pasta in creamy Alfredo sauce with grilled chicken	12.49	f	2024-11-18 16:53:55.891749+00	2024-11-18 16:53:55.891749+00
30	Steak	Grilled ribeye steak served with garlic butter	18.49	f	2024-11-18 16:53:55.891749+00	2024-11-18 16:53:55.891749+00
31	Caprese Salad	Sliced tomatoes, mozzarella, basil, and balsamic glaze	8.49	f	2024-11-18 16:53:55.891749+00	2024-11-18 16:53:55.891749+00
32	Pumpkin Soup	Creamy soup made with roasted pumpkin and spices	6.49	f	2024-11-18 16:53:55.891749+00	2024-11-18 16:53:55.891749+00
33	Prawn Cocktail	Fresh prawns served with cocktail sauce	9.99	f	2024-11-18 16:53:55.891749+00	2024-11-18 16:53:55.891749+00
34	Beef Tacos	Soft tacos with seasoned beef, lettuce, and salsa	7.99	f	2024-11-18 16:53:55.891749+00	2024-11-18 16:53:55.891749+00
35	Shrimp Scampi	Garlic butter shrimp served over linguine pasta	13.99	f	2024-11-18 16:53:55.891749+00	2024-11-18 16:53:55.891749+00
36	Tiramisu	Classic Italian dessert with layers of coffee-soaked ladyfingers	5.99	f	2024-11-18 16:53:55.891749+00	2024-11-18 16:53:55.891749+00
37	Mac and Cheese	Creamy macaroni and cheese baked with a crispy topping	7.49	f	2024-11-18 16:53:55.891749+00	2024-11-18 16:53:55.891749+00
38	Vegetable Stir Fry	Mixed vegetables stir-fried with soy sauce and sesame seeds	8.99	f	2024-11-18 16:53:55.891749+00	2024-11-18 16:53:55.891749+00
39	Roast Chicken	Whole chicken roasted with herbs and spices	14.99	f	2024-11-18 16:53:55.891749+00	2024-11-18 16:53:55.891749+00
\.


--
-- Data for Name: store_menu; Type: TABLE DATA; Schema: public; Owner: test
--

COPY public.store_menu (id, name, created_at, updated_at, restaurant_id) FROM stdin;
\.


--
-- Data for Name: store_menu_dishes; Type: TABLE DATA; Schema: public; Owner: test
--

COPY public.store_menu_dishes (id, menu_id, dish_id) FROM stdin;
\.


--
-- Data for Name: store_order; Type: TABLE DATA; Schema: public; Owner: test
--

COPY public.store_order (id, status, total_amount, delivery_fee, created_at, updated_at, courier_id, customer_id, restaurant_id) FROM stdin;
\.


--
-- Data for Name: store_orderitem; Type: TABLE DATA; Schema: public; Owner: test
--

COPY public.store_orderitem (id, quantity, price, created_at, dish_id, order_id) FROM stdin;
\.


--
-- Data for Name: store_payment; Type: TABLE DATA; Schema: public; Owner: test
--

COPY public.store_payment (id, amount, payment_method, status, payment_date, order_id, user_id) FROM stdin;
\.


--
-- Data for Name: store_restaurant; Type: TABLE DATA; Schema: public; Owner: test
--

COPY public.store_restaurant (id, name, address, phone, created_at, updated_at) FROM stdin;
\.


--
-- Data for Name: store_restaurant_special_hours; Type: TABLE DATA; Schema: public; Owner: test
--

COPY public.store_restaurant_special_hours (id, restaurant_id, specialhours_id) FROM stdin;
\.


--
-- Data for Name: store_restaurant_working_hours; Type: TABLE DATA; Schema: public; Owner: test
--

COPY public.store_restaurant_working_hours (id, restaurant_id, workinghours_id) FROM stdin;
\.


--
-- Data for Name: store_specialhours; Type: TABLE DATA; Schema: public; Owner: test
--

COPY public.store_specialhours (id, date, opening_time, closing_time, is_closed) FROM stdin;
\.


--
-- Data for Name: store_workinghours; Type: TABLE DATA; Schema: public; Owner: test
--

COPY public.store_workinghours (id, day_of_week, opening_time, closing_time) FROM stdin;
\.


--
-- Name: auth_group_id_seq; Type: SEQUENCE SET; Schema: public; Owner: test
--

SELECT pg_catalog.setval('public.auth_group_id_seq', 1, false);


--
-- Name: auth_group_permissions_id_seq; Type: SEQUENCE SET; Schema: public; Owner: test
--

SELECT pg_catalog.setval('public.auth_group_permissions_id_seq', 1, false);


--
-- Name: auth_permission_id_seq; Type: SEQUENCE SET; Schema: public; Owner: test
--

SELECT pg_catalog.setval('public.auth_permission_id_seq', 65, true);


--
-- Name: auth_user_groups_id_seq; Type: SEQUENCE SET; Schema: public; Owner: test
--

SELECT pg_catalog.setval('public.auth_user_groups_id_seq', 1, false);


--
-- Name: auth_user_id_seq; Type: SEQUENCE SET; Schema: public; Owner: test
--

SELECT pg_catalog.setval('public.auth_user_id_seq', 1, true);


--
-- Name: auth_user_user_permissions_id_seq; Type: SEQUENCE SET; Schema: public; Owner: test
--

SELECT pg_catalog.setval('public.auth_user_user_permissions_id_seq', 1, false);


--
-- Name: django_admin_log_id_seq; Type: SEQUENCE SET; Schema: public; Owner: test
--

SELECT pg_catalog.setval('public.django_admin_log_id_seq', 1, false);


--
-- Name: django_content_type_id_seq; Type: SEQUENCE SET; Schema: public; Owner: test
--

SELECT pg_catalog.setval('public.django_content_type_id_seq', 16, true);


--
-- Name: django_migrations_id_seq; Type: SEQUENCE SET; Schema: public; Owner: test
--

SELECT pg_catalog.setval('public.django_migrations_id_seq', 24, true);


--
-- Name: store_courier_id_seq; Type: SEQUENCE SET; Schema: public; Owner: test
--

SELECT pg_catalog.setval('public.store_courier_id_seq', 1, false);


--
-- Name: store_customer_id_seq; Type: SEQUENCE SET; Schema: public; Owner: test
--

SELECT pg_catalog.setval('public.store_customer_id_seq', 1, false);


--
-- Name: store_dish_id_seq; Type: SEQUENCE SET; Schema: public; Owner: test
--

SELECT pg_catalog.setval('public.store_dish_id_seq', 40, true);


--
-- Name: store_menu_dishes_id_seq; Type: SEQUENCE SET; Schema: public; Owner: test
--

SELECT pg_catalog.setval('public.store_menu_dishes_id_seq', 1, false);


--
-- Name: store_menu_id_seq; Type: SEQUENCE SET; Schema: public; Owner: test
--

SELECT pg_catalog.setval('public.store_menu_id_seq', 1, false);


--
-- Name: store_order_id_seq; Type: SEQUENCE SET; Schema: public; Owner: test
--

SELECT pg_catalog.setval('public.store_order_id_seq', 1, false);


--
-- Name: store_orderitem_id_seq; Type: SEQUENCE SET; Schema: public; Owner: test
--

SELECT pg_catalog.setval('public.store_orderitem_id_seq', 1, false);


--
-- Name: store_payment_id_seq; Type: SEQUENCE SET; Schema: public; Owner: test
--

SELECT pg_catalog.setval('public.store_payment_id_seq', 1, false);


--
-- Name: store_restaurant_id_seq; Type: SEQUENCE SET; Schema: public; Owner: test
--

SELECT pg_catalog.setval('public.store_restaurant_id_seq', 1, false);


--
-- Name: store_restaurant_special_hours_id_seq; Type: SEQUENCE SET; Schema: public; Owner: test
--

SELECT pg_catalog.setval('public.store_restaurant_special_hours_id_seq', 1, false);


--
-- Name: store_restaurant_working_hours_id_seq; Type: SEQUENCE SET; Schema: public; Owner: test
--

SELECT pg_catalog.setval('public.store_restaurant_working_hours_id_seq', 1, false);


--
-- Name: store_specialhours_id_seq; Type: SEQUENCE SET; Schema: public; Owner: test
--

SELECT pg_catalog.setval('public.store_specialhours_id_seq', 1, false);


--
-- Name: store_workinghours_id_seq; Type: SEQUENCE SET; Schema: public; Owner: test
--

SELECT pg_catalog.setval('public.store_workinghours_id_seq', 1, false);


--
-- Name: auth_group auth_group_name_key; Type: CONSTRAINT; Schema: public; Owner: test
--

ALTER TABLE ONLY public.auth_group
    ADD CONSTRAINT auth_group_name_key UNIQUE (name);


--
-- Name: auth_group_permissions auth_group_permissions_group_id_permission_id_0cd325b0_uniq; Type: CONSTRAINT; Schema: public; Owner: test
--

ALTER TABLE ONLY public.auth_group_permissions
    ADD CONSTRAINT auth_group_permissions_group_id_permission_id_0cd325b0_uniq UNIQUE (group_id, permission_id);


--
-- Name: auth_group_permissions auth_group_permissions_pkey; Type: CONSTRAINT; Schema: public; Owner: test
--

ALTER TABLE ONLY public.auth_group_permissions
    ADD CONSTRAINT auth_group_permissions_pkey PRIMARY KEY (id);


--
-- Name: auth_group auth_group_pkey; Type: CONSTRAINT; Schema: public; Owner: test
--

ALTER TABLE ONLY public.auth_group
    ADD CONSTRAINT auth_group_pkey PRIMARY KEY (id);


--
-- Name: auth_permission auth_permission_content_type_id_codename_01ab375a_uniq; Type: CONSTRAINT; Schema: public; Owner: test
--

ALTER TABLE ONLY public.auth_permission
    ADD CONSTRAINT auth_permission_content_type_id_codename_01ab375a_uniq UNIQUE (content_type_id, codename);


--
-- Name: auth_permission auth_permission_pkey; Type: CONSTRAINT; Schema: public; Owner: test
--

ALTER TABLE ONLY public.auth_permission
    ADD CONSTRAINT auth_permission_pkey PRIMARY KEY (id);


--
-- Name: auth_user_groups auth_user_groups_pkey; Type: CONSTRAINT; Schema: public; Owner: test
--

ALTER TABLE ONLY public.auth_user_groups
    ADD CONSTRAINT auth_user_groups_pkey PRIMARY KEY (id);


--
-- Name: auth_user_groups auth_user_groups_user_id_group_id_94350c0c_uniq; Type: CONSTRAINT; Schema: public; Owner: test
--

ALTER TABLE ONLY public.auth_user_groups
    ADD CONSTRAINT auth_user_groups_user_id_group_id_94350c0c_uniq UNIQUE (user_id, group_id);


--
-- Name: auth_user auth_user_pkey; Type: CONSTRAINT; Schema: public; Owner: test
--

ALTER TABLE ONLY public.auth_user
    ADD CONSTRAINT auth_user_pkey PRIMARY KEY (id);


--
-- Name: auth_user_user_permissions auth_user_user_permissions_pkey; Type: CONSTRAINT; Schema: public; Owner: test
--

ALTER TABLE ONLY public.auth_user_user_permissions
    ADD CONSTRAINT auth_user_user_permissions_pkey PRIMARY KEY (id);


--
-- Name: auth_user_user_permissions auth_user_user_permissions_user_id_permission_id_14a6b632_uniq; Type: CONSTRAINT; Schema: public; Owner: test
--

ALTER TABLE ONLY public.auth_user_user_permissions
    ADD CONSTRAINT auth_user_user_permissions_user_id_permission_id_14a6b632_uniq UNIQUE (user_id, permission_id);


--
-- Name: auth_user auth_user_username_key; Type: CONSTRAINT; Schema: public; Owner: test
--

ALTER TABLE ONLY public.auth_user
    ADD CONSTRAINT auth_user_username_key UNIQUE (username);


--
-- Name: django_admin_log django_admin_log_pkey; Type: CONSTRAINT; Schema: public; Owner: test
--

ALTER TABLE ONLY public.django_admin_log
    ADD CONSTRAINT django_admin_log_pkey PRIMARY KEY (id);


--
-- Name: django_content_type django_content_type_app_label_model_76bd3d3b_uniq; Type: CONSTRAINT; Schema: public; Owner: test
--

ALTER TABLE ONLY public.django_content_type
    ADD CONSTRAINT django_content_type_app_label_model_76bd3d3b_uniq UNIQUE (app_label, model);


--
-- Name: django_content_type django_content_type_pkey; Type: CONSTRAINT; Schema: public; Owner: test
--

ALTER TABLE ONLY public.django_content_type
    ADD CONSTRAINT django_content_type_pkey PRIMARY KEY (id);


--
-- Name: django_migrations django_migrations_pkey; Type: CONSTRAINT; Schema: public; Owner: test
--

ALTER TABLE ONLY public.django_migrations
    ADD CONSTRAINT django_migrations_pkey PRIMARY KEY (id);


--
-- Name: django_session django_session_pkey; Type: CONSTRAINT; Schema: public; Owner: test
--

ALTER TABLE ONLY public.django_session
    ADD CONSTRAINT django_session_pkey PRIMARY KEY (session_key);


--
-- Name: store_courier store_courier_pkey; Type: CONSTRAINT; Schema: public; Owner: test
--

ALTER TABLE ONLY public.store_courier
    ADD CONSTRAINT store_courier_pkey PRIMARY KEY (id);


--
-- Name: store_courier store_courier_user_id_key; Type: CONSTRAINT; Schema: public; Owner: test
--

ALTER TABLE ONLY public.store_courier
    ADD CONSTRAINT store_courier_user_id_key UNIQUE (user_id);


--
-- Name: store_customer store_customer_pkey; Type: CONSTRAINT; Schema: public; Owner: test
--

ALTER TABLE ONLY public.store_customer
    ADD CONSTRAINT store_customer_pkey PRIMARY KEY (id);


--
-- Name: store_customer store_customer_user_id_key; Type: CONSTRAINT; Schema: public; Owner: test
--

ALTER TABLE ONLY public.store_customer
    ADD CONSTRAINT store_customer_user_id_key UNIQUE (user_id);


--
-- Name: store_dish store_dish_name_key; Type: CONSTRAINT; Schema: public; Owner: test
--

ALTER TABLE ONLY public.store_dish
    ADD CONSTRAINT store_dish_name_key UNIQUE (name);


--
-- Name: store_dish store_dish_pkey; Type: CONSTRAINT; Schema: public; Owner: test
--

ALTER TABLE ONLY public.store_dish
    ADD CONSTRAINT store_dish_pkey PRIMARY KEY (id);


--
-- Name: store_menu_dishes store_menu_dishes_menu_id_dish_id_31f88ca1_uniq; Type: CONSTRAINT; Schema: public; Owner: test
--

ALTER TABLE ONLY public.store_menu_dishes
    ADD CONSTRAINT store_menu_dishes_menu_id_dish_id_31f88ca1_uniq UNIQUE (menu_id, dish_id);


--
-- Name: store_menu_dishes store_menu_dishes_pkey; Type: CONSTRAINT; Schema: public; Owner: test
--

ALTER TABLE ONLY public.store_menu_dishes
    ADD CONSTRAINT store_menu_dishes_pkey PRIMARY KEY (id);


--
-- Name: store_menu store_menu_name_restaurant_id_b78a4a7c_uniq; Type: CONSTRAINT; Schema: public; Owner: test
--

ALTER TABLE ONLY public.store_menu
    ADD CONSTRAINT store_menu_name_restaurant_id_b78a4a7c_uniq UNIQUE (name, restaurant_id);


--
-- Name: store_menu store_menu_pkey; Type: CONSTRAINT; Schema: public; Owner: test
--

ALTER TABLE ONLY public.store_menu
    ADD CONSTRAINT store_menu_pkey PRIMARY KEY (id);


--
-- Name: store_order store_order_pkey; Type: CONSTRAINT; Schema: public; Owner: test
--

ALTER TABLE ONLY public.store_order
    ADD CONSTRAINT store_order_pkey PRIMARY KEY (id);


--
-- Name: store_orderitem store_orderitem_pkey; Type: CONSTRAINT; Schema: public; Owner: test
--

ALTER TABLE ONLY public.store_orderitem
    ADD CONSTRAINT store_orderitem_pkey PRIMARY KEY (id);


--
-- Name: store_payment store_payment_pkey; Type: CONSTRAINT; Schema: public; Owner: test
--

ALTER TABLE ONLY public.store_payment
    ADD CONSTRAINT store_payment_pkey PRIMARY KEY (id);


--
-- Name: store_restaurant store_restaurant_name_address_a8537ae6_uniq; Type: CONSTRAINT; Schema: public; Owner: test
--

ALTER TABLE ONLY public.store_restaurant
    ADD CONSTRAINT store_restaurant_name_address_a8537ae6_uniq UNIQUE (name, address);


--
-- Name: store_restaurant store_restaurant_pkey; Type: CONSTRAINT; Schema: public; Owner: test
--

ALTER TABLE ONLY public.store_restaurant
    ADD CONSTRAINT store_restaurant_pkey PRIMARY KEY (id);


--
-- Name: store_restaurant_special_hours store_restaurant_special_hours_pkey; Type: CONSTRAINT; Schema: public; Owner: test
--

ALTER TABLE ONLY public.store_restaurant_special_hours
    ADD CONSTRAINT store_restaurant_special_hours_pkey PRIMARY KEY (id);


--
-- Name: store_restaurant_special_hours store_restaurant_special_restaurant_id_specialhou_63d98d17_uniq; Type: CONSTRAINT; Schema: public; Owner: test
--

ALTER TABLE ONLY public.store_restaurant_special_hours
    ADD CONSTRAINT store_restaurant_special_restaurant_id_specialhou_63d98d17_uniq UNIQUE (restaurant_id, specialhours_id);


--
-- Name: store_restaurant_working_hours store_restaurant_working_hours_pkey; Type: CONSTRAINT; Schema: public; Owner: test
--

ALTER TABLE ONLY public.store_restaurant_working_hours
    ADD CONSTRAINT store_restaurant_working_hours_pkey PRIMARY KEY (id);


--
-- Name: store_restaurant_working_hours store_restaurant_working_restaurant_id_workinghou_498553ad_uniq; Type: CONSTRAINT; Schema: public; Owner: test
--

ALTER TABLE ONLY public.store_restaurant_working_hours
    ADD CONSTRAINT store_restaurant_working_restaurant_id_workinghou_498553ad_uniq UNIQUE (restaurant_id, workinghours_id);


--
-- Name: store_specialhours store_specialhours_date_opening_time_closin_a8e99d6e_uniq; Type: CONSTRAINT; Schema: public; Owner: test
--

ALTER TABLE ONLY public.store_specialhours
    ADD CONSTRAINT store_specialhours_date_opening_time_closin_a8e99d6e_uniq UNIQUE (date, opening_time, closing_time, is_closed);


--
-- Name: store_specialhours store_specialhours_pkey; Type: CONSTRAINT; Schema: public; Owner: test
--

ALTER TABLE ONLY public.store_specialhours
    ADD CONSTRAINT store_specialhours_pkey PRIMARY KEY (id);


--
-- Name: store_workinghours store_workinghours_day_of_week_opening_time_d38cca42_uniq; Type: CONSTRAINT; Schema: public; Owner: test
--

ALTER TABLE ONLY public.store_workinghours
    ADD CONSTRAINT store_workinghours_day_of_week_opening_time_d38cca42_uniq UNIQUE (day_of_week, opening_time, closing_time);


--
-- Name: store_workinghours store_workinghours_pkey; Type: CONSTRAINT; Schema: public; Owner: test
--

ALTER TABLE ONLY public.store_workinghours
    ADD CONSTRAINT store_workinghours_pkey PRIMARY KEY (id);


--
-- Name: auth_group_name_a6ea08ec_like; Type: INDEX; Schema: public; Owner: test
--

CREATE INDEX auth_group_name_a6ea08ec_like ON public.auth_group USING btree (name varchar_pattern_ops);


--
-- Name: auth_group_permissions_group_id_b120cbf9; Type: INDEX; Schema: public; Owner: test
--

CREATE INDEX auth_group_permissions_group_id_b120cbf9 ON public.auth_group_permissions USING btree (group_id);


--
-- Name: auth_group_permissions_permission_id_84c5c92e; Type: INDEX; Schema: public; Owner: test
--

CREATE INDEX auth_group_permissions_permission_id_84c5c92e ON public.auth_group_permissions USING btree (permission_id);


--
-- Name: auth_permission_content_type_id_2f476e4b; Type: INDEX; Schema: public; Owner: test
--

CREATE INDEX auth_permission_content_type_id_2f476e4b ON public.auth_permission USING btree (content_type_id);


--
-- Name: auth_user_groups_group_id_97559544; Type: INDEX; Schema: public; Owner: test
--

CREATE INDEX auth_user_groups_group_id_97559544 ON public.auth_user_groups USING btree (group_id);


--
-- Name: auth_user_groups_user_id_6a12ed8b; Type: INDEX; Schema: public; Owner: test
--

CREATE INDEX auth_user_groups_user_id_6a12ed8b ON public.auth_user_groups USING btree (user_id);


--
-- Name: auth_user_user_permissions_permission_id_1fbb5f2c; Type: INDEX; Schema: public; Owner: test
--

CREATE INDEX auth_user_user_permissions_permission_id_1fbb5f2c ON public.auth_user_user_permissions USING btree (permission_id);


--
-- Name: auth_user_user_permissions_user_id_a95ead1b; Type: INDEX; Schema: public; Owner: test
--

CREATE INDEX auth_user_user_permissions_user_id_a95ead1b ON public.auth_user_user_permissions USING btree (user_id);


--
-- Name: auth_user_username_6821ab7c_like; Type: INDEX; Schema: public; Owner: test
--

CREATE INDEX auth_user_username_6821ab7c_like ON public.auth_user USING btree (username varchar_pattern_ops);


--
-- Name: django_admin_log_content_type_id_c4bce8eb; Type: INDEX; Schema: public; Owner: test
--

CREATE INDEX django_admin_log_content_type_id_c4bce8eb ON public.django_admin_log USING btree (content_type_id);


--
-- Name: django_admin_log_user_id_c564eba6; Type: INDEX; Schema: public; Owner: test
--

CREATE INDEX django_admin_log_user_id_c564eba6 ON public.django_admin_log USING btree (user_id);


--
-- Name: django_session_expire_date_a5c62663; Type: INDEX; Schema: public; Owner: test
--

CREATE INDEX django_session_expire_date_a5c62663 ON public.django_session USING btree (expire_date);


--
-- Name: django_session_session_key_c0390e0f_like; Type: INDEX; Schema: public; Owner: test
--

CREATE INDEX django_session_session_key_c0390e0f_like ON public.django_session USING btree (session_key varchar_pattern_ops);


--
-- Name: store_dish_name_ca41adde_like; Type: INDEX; Schema: public; Owner: test
--

CREATE INDEX store_dish_name_ca41adde_like ON public.store_dish USING btree (name varchar_pattern_ops);


--
-- Name: store_menu_dishes_dish_id_4ff99123; Type: INDEX; Schema: public; Owner: test
--

CREATE INDEX store_menu_dishes_dish_id_4ff99123 ON public.store_menu_dishes USING btree (dish_id);


--
-- Name: store_menu_dishes_menu_id_e2886699; Type: INDEX; Schema: public; Owner: test
--

CREATE INDEX store_menu_dishes_menu_id_e2886699 ON public.store_menu_dishes USING btree (menu_id);


--
-- Name: store_menu_restaurant_id_b77fe89c; Type: INDEX; Schema: public; Owner: test
--

CREATE INDEX store_menu_restaurant_id_b77fe89c ON public.store_menu USING btree (restaurant_id);


--
-- Name: store_order_courier_id_2223261d; Type: INDEX; Schema: public; Owner: test
--

CREATE INDEX store_order_courier_id_2223261d ON public.store_order USING btree (courier_id);


--
-- Name: store_order_customer_id_13d6d43e; Type: INDEX; Schema: public; Owner: test
--

CREATE INDEX store_order_customer_id_13d6d43e ON public.store_order USING btree (customer_id);


--
-- Name: store_order_restaurant_id_ca862671; Type: INDEX; Schema: public; Owner: test
--

CREATE INDEX store_order_restaurant_id_ca862671 ON public.store_order USING btree (restaurant_id);


--
-- Name: store_orderitem_dish_id_e6d5f6ff; Type: INDEX; Schema: public; Owner: test
--

CREATE INDEX store_orderitem_dish_id_e6d5f6ff ON public.store_orderitem USING btree (dish_id);


--
-- Name: store_orderitem_order_id_acf8722d; Type: INDEX; Schema: public; Owner: test
--

CREATE INDEX store_orderitem_order_id_acf8722d ON public.store_orderitem USING btree (order_id);


--
-- Name: store_payment_order_id_b5ee0383; Type: INDEX; Schema: public; Owner: test
--

CREATE INDEX store_payment_order_id_b5ee0383 ON public.store_payment USING btree (order_id);


--
-- Name: store_payment_user_id_5edbc869; Type: INDEX; Schema: public; Owner: test
--

CREATE INDEX store_payment_user_id_5edbc869 ON public.store_payment USING btree (user_id);


--
-- Name: store_restaurant_special_hours_restaurant_id_7b220fd7; Type: INDEX; Schema: public; Owner: test
--

CREATE INDEX store_restaurant_special_hours_restaurant_id_7b220fd7 ON public.store_restaurant_special_hours USING btree (restaurant_id);


--
-- Name: store_restaurant_special_hours_specialhours_id_6012028e; Type: INDEX; Schema: public; Owner: test
--

CREATE INDEX store_restaurant_special_hours_specialhours_id_6012028e ON public.store_restaurant_special_hours USING btree (specialhours_id);


--
-- Name: store_restaurant_working_hours_restaurant_id_99574b5c; Type: INDEX; Schema: public; Owner: test
--

CREATE INDEX store_restaurant_working_hours_restaurant_id_99574b5c ON public.store_restaurant_working_hours USING btree (restaurant_id);


--
-- Name: store_restaurant_working_hours_workinghours_id_7bc107d4; Type: INDEX; Schema: public; Owner: test
--

CREATE INDEX store_restaurant_working_hours_workinghours_id_7bc107d4 ON public.store_restaurant_working_hours USING btree (workinghours_id);


--
-- Name: auth_group_permissions auth_group_permissio_permission_id_84c5c92e_fk_auth_perm; Type: FK CONSTRAINT; Schema: public; Owner: test
--

ALTER TABLE ONLY public.auth_group_permissions
    ADD CONSTRAINT auth_group_permissio_permission_id_84c5c92e_fk_auth_perm FOREIGN KEY (permission_id) REFERENCES public.auth_permission(id) DEFERRABLE INITIALLY DEFERRED;


--
-- Name: auth_group_permissions auth_group_permissions_group_id_b120cbf9_fk_auth_group_id; Type: FK CONSTRAINT; Schema: public; Owner: test
--

ALTER TABLE ONLY public.auth_group_permissions
    ADD CONSTRAINT auth_group_permissions_group_id_b120cbf9_fk_auth_group_id FOREIGN KEY (group_id) REFERENCES public.auth_group(id) DEFERRABLE INITIALLY DEFERRED;


--
-- Name: auth_permission auth_permission_content_type_id_2f476e4b_fk_django_co; Type: FK CONSTRAINT; Schema: public; Owner: test
--

ALTER TABLE ONLY public.auth_permission
    ADD CONSTRAINT auth_permission_content_type_id_2f476e4b_fk_django_co FOREIGN KEY (content_type_id) REFERENCES public.django_content_type(id) DEFERRABLE INITIALLY DEFERRED;


--
-- Name: auth_user_groups auth_user_groups_group_id_97559544_fk_auth_group_id; Type: FK CONSTRAINT; Schema: public; Owner: test
--

ALTER TABLE ONLY public.auth_user_groups
    ADD CONSTRAINT auth_user_groups_group_id_97559544_fk_auth_group_id FOREIGN KEY (group_id) REFERENCES public.auth_group(id) DEFERRABLE INITIALLY DEFERRED;


--
-- Name: auth_user_groups auth_user_groups_user_id_6a12ed8b_fk_auth_user_id; Type: FK CONSTRAINT; Schema: public; Owner: test
--

ALTER TABLE ONLY public.auth_user_groups
    ADD CONSTRAINT auth_user_groups_user_id_6a12ed8b_fk_auth_user_id FOREIGN KEY (user_id) REFERENCES public.auth_user(id) DEFERRABLE INITIALLY DEFERRED;


--
-- Name: auth_user_user_permissions auth_user_user_permi_permission_id_1fbb5f2c_fk_auth_perm; Type: FK CONSTRAINT; Schema: public; Owner: test
--

ALTER TABLE ONLY public.auth_user_user_permissions
    ADD CONSTRAINT auth_user_user_permi_permission_id_1fbb5f2c_fk_auth_perm FOREIGN KEY (permission_id) REFERENCES public.auth_permission(id) DEFERRABLE INITIALLY DEFERRED;


--
-- Name: auth_user_user_permissions auth_user_user_permissions_user_id_a95ead1b_fk_auth_user_id; Type: FK CONSTRAINT; Schema: public; Owner: test
--

ALTER TABLE ONLY public.auth_user_user_permissions
    ADD CONSTRAINT auth_user_user_permissions_user_id_a95ead1b_fk_auth_user_id FOREIGN KEY (user_id) REFERENCES public.auth_user(id) DEFERRABLE INITIALLY DEFERRED;


--
-- Name: django_admin_log django_admin_log_content_type_id_c4bce8eb_fk_django_co; Type: FK CONSTRAINT; Schema: public; Owner: test
--

ALTER TABLE ONLY public.django_admin_log
    ADD CONSTRAINT django_admin_log_content_type_id_c4bce8eb_fk_django_co FOREIGN KEY (content_type_id) REFERENCES public.django_content_type(id) DEFERRABLE INITIALLY DEFERRED;


--
-- Name: django_admin_log django_admin_log_user_id_c564eba6_fk_auth_user_id; Type: FK CONSTRAINT; Schema: public; Owner: test
--

ALTER TABLE ONLY public.django_admin_log
    ADD CONSTRAINT django_admin_log_user_id_c564eba6_fk_auth_user_id FOREIGN KEY (user_id) REFERENCES public.auth_user(id) DEFERRABLE INITIALLY DEFERRED;


--
-- Name: store_courier store_courier_user_id_4be96323_fk_auth_user_id; Type: FK CONSTRAINT; Schema: public; Owner: test
--

ALTER TABLE ONLY public.store_courier
    ADD CONSTRAINT store_courier_user_id_4be96323_fk_auth_user_id FOREIGN KEY (user_id) REFERENCES public.auth_user(id) DEFERRABLE INITIALLY DEFERRED;


--
-- Name: store_customer store_customer_user_id_04276401_fk_auth_user_id; Type: FK CONSTRAINT; Schema: public; Owner: test
--

ALTER TABLE ONLY public.store_customer
    ADD CONSTRAINT store_customer_user_id_04276401_fk_auth_user_id FOREIGN KEY (user_id) REFERENCES public.auth_user(id) DEFERRABLE INITIALLY DEFERRED;


--
-- Name: store_menu_dishes store_menu_dishes_dish_id_4ff99123_fk_store_dish_id; Type: FK CONSTRAINT; Schema: public; Owner: test
--

ALTER TABLE ONLY public.store_menu_dishes
    ADD CONSTRAINT store_menu_dishes_dish_id_4ff99123_fk_store_dish_id FOREIGN KEY (dish_id) REFERENCES public.store_dish(id) DEFERRABLE INITIALLY DEFERRED;


--
-- Name: store_menu_dishes store_menu_dishes_menu_id_e2886699_fk_store_menu_id; Type: FK CONSTRAINT; Schema: public; Owner: test
--

ALTER TABLE ONLY public.store_menu_dishes
    ADD CONSTRAINT store_menu_dishes_menu_id_e2886699_fk_store_menu_id FOREIGN KEY (menu_id) REFERENCES public.store_menu(id) DEFERRABLE INITIALLY DEFERRED;


--
-- Name: store_menu store_menu_restaurant_id_b77fe89c_fk_store_restaurant_id; Type: FK CONSTRAINT; Schema: public; Owner: test
--

ALTER TABLE ONLY public.store_menu
    ADD CONSTRAINT store_menu_restaurant_id_b77fe89c_fk_store_restaurant_id FOREIGN KEY (restaurant_id) REFERENCES public.store_restaurant(id) DEFERRABLE INITIALLY DEFERRED;


--
-- Name: store_order store_order_courier_id_2223261d_fk_store_courier_id; Type: FK CONSTRAINT; Schema: public; Owner: test
--

ALTER TABLE ONLY public.store_order
    ADD CONSTRAINT store_order_courier_id_2223261d_fk_store_courier_id FOREIGN KEY (courier_id) REFERENCES public.store_courier(id) DEFERRABLE INITIALLY DEFERRED;


--
-- Name: store_order store_order_customer_id_13d6d43e_fk_store_customer_id; Type: FK CONSTRAINT; Schema: public; Owner: test
--

ALTER TABLE ONLY public.store_order
    ADD CONSTRAINT store_order_customer_id_13d6d43e_fk_store_customer_id FOREIGN KEY (customer_id) REFERENCES public.store_customer(id) DEFERRABLE INITIALLY DEFERRED;


--
-- Name: store_order store_order_restaurant_id_ca862671_fk_store_restaurant_id; Type: FK CONSTRAINT; Schema: public; Owner: test
--

ALTER TABLE ONLY public.store_order
    ADD CONSTRAINT store_order_restaurant_id_ca862671_fk_store_restaurant_id FOREIGN KEY (restaurant_id) REFERENCES public.store_restaurant(id) DEFERRABLE INITIALLY DEFERRED;


--
-- Name: store_orderitem store_orderitem_dish_id_e6d5f6ff_fk_store_dish_id; Type: FK CONSTRAINT; Schema: public; Owner: test
--

ALTER TABLE ONLY public.store_orderitem
    ADD CONSTRAINT store_orderitem_dish_id_e6d5f6ff_fk_store_dish_id FOREIGN KEY (dish_id) REFERENCES public.store_dish(id) DEFERRABLE INITIALLY DEFERRED;


--
-- Name: store_orderitem store_orderitem_order_id_acf8722d_fk_store_order_id; Type: FK CONSTRAINT; Schema: public; Owner: test
--

ALTER TABLE ONLY public.store_orderitem
    ADD CONSTRAINT store_orderitem_order_id_acf8722d_fk_store_order_id FOREIGN KEY (order_id) REFERENCES public.store_order(id) DEFERRABLE INITIALLY DEFERRED;


--
-- Name: store_payment store_payment_order_id_b5ee0383_fk_store_order_id; Type: FK CONSTRAINT; Schema: public; Owner: test
--

ALTER TABLE ONLY public.store_payment
    ADD CONSTRAINT store_payment_order_id_b5ee0383_fk_store_order_id FOREIGN KEY (order_id) REFERENCES public.store_order(id) DEFERRABLE INITIALLY DEFERRED;


--
-- Name: store_payment store_payment_user_id_5edbc869_fk_auth_user_id; Type: FK CONSTRAINT; Schema: public; Owner: test
--

ALTER TABLE ONLY public.store_payment
    ADD CONSTRAINT store_payment_user_id_5edbc869_fk_auth_user_id FOREIGN KEY (user_id) REFERENCES public.auth_user(id) DEFERRABLE INITIALLY DEFERRED;


--
-- Name: store_restaurant_special_hours store_restaurant_spe_restaurant_id_7b220fd7_fk_store_res; Type: FK CONSTRAINT; Schema: public; Owner: test
--

ALTER TABLE ONLY public.store_restaurant_special_hours
    ADD CONSTRAINT store_restaurant_spe_restaurant_id_7b220fd7_fk_store_res FOREIGN KEY (restaurant_id) REFERENCES public.store_restaurant(id) DEFERRABLE INITIALLY DEFERRED;


--
-- Name: store_restaurant_special_hours store_restaurant_spe_specialhours_id_6012028e_fk_store_spe; Type: FK CONSTRAINT; Schema: public; Owner: test
--

ALTER TABLE ONLY public.store_restaurant_special_hours
    ADD CONSTRAINT store_restaurant_spe_specialhours_id_6012028e_fk_store_spe FOREIGN KEY (specialhours_id) REFERENCES public.store_specialhours(id) DEFERRABLE INITIALLY DEFERRED;


--
-- Name: store_restaurant_working_hours store_restaurant_wor_restaurant_id_99574b5c_fk_store_res; Type: FK CONSTRAINT; Schema: public; Owner: test
--

ALTER TABLE ONLY public.store_restaurant_working_hours
    ADD CONSTRAINT store_restaurant_wor_restaurant_id_99574b5c_fk_store_res FOREIGN KEY (restaurant_id) REFERENCES public.store_restaurant(id) DEFERRABLE INITIALLY DEFERRED;


--
-- Name: store_restaurant_working_hours store_restaurant_wor_workinghours_id_7bc107d4_fk_store_wor; Type: FK CONSTRAINT; Schema: public; Owner: test
--

ALTER TABLE ONLY public.store_restaurant_working_hours
    ADD CONSTRAINT store_restaurant_wor_workinghours_id_7bc107d4_fk_store_wor FOREIGN KEY (workinghours_id) REFERENCES public.store_workinghours(id) DEFERRABLE INITIALLY DEFERRED;


--
-- PostgreSQL database dump complete
--

